max_wait,trades,pnl,wr,avg_pnl,avg_delay,skipped
15min,909,1142494.9799999997,46.094609460946096,1256.8701650165015,6.4858757062146895,419
30min,1009,1423132.1400000008,46.18434093161546,1410.4381962338957,8.071065989847716,319
60min,1035,1433066.7800000014,46.08695652173913,1384.6055845410642,8.975272007912958,293
120min,1048,1528239.2800000007,45.80152671755725,1458.2435877862602,9.9765625,280
unlimited,1055,1572972.9600000011,45.687203791469194,1490.9696303317546,11.085354025218235,273
